{"repoSenseVersion":"29b9f5fbd7","reportGeneratedTime":"Sat Mar 22 14:29:58 2025 UTC","reportGenerationTime":" 1.06 second(s)","zoneId":"Etc/UTC","reportTitle":"RepoSense Report","repos":[],"errorSet":[{"repoName":"nus-cs3203/CS3203_3_AI[main]","errorMessage":"Failed to clone from https://github.com/nus-cs3203/CS3203_3_AI.git"}],"sinceDate":"2025-02-22","untilDate":"2025-03-22","isSinceDateProvided":false,"isUntilDateProvided":false,"supportedDomainUrlMap":{"NOT_RECOGNIZED":{"BRANCH":"","REPO_URL":"UNSUPPORTED","BASE_URL":"UNSUPPORTED","HISTORY_PATH":"","COMMIT_PATH":"","BLAME_PATH":""},"github":{"BRANCH":"tree/$BRANCH","REPO_URL":"https://github.com/$ORGANIZATION/$REPO_NAME/","BASE_URL":"https://github.com/","HISTORY_PATH":"commits/$BRANCH/$FILE_PATH","COMMIT_PATH":"commit/$COMMIT_HASH","BLAME_PATH":"blame/$BRANCH/$FILE_PATH"}},"isAuthorshipAnalyzed":false}
